[

{
    "index": 0,
    "autor": "GURU",
    "fgwork": "You work as a Randi and earn"
  },
  {
    "index": 1,
    "autor": "GURU",
    "fgwork": "He works for a private military company, earning"
  }, 
  {
    "index": 2,
    "autor": "GURU",
    "fgwork": "Organize a wine tasting event and get"
  }, 
  {
  "index": 3,
    "autor": "GURU",
    "fgwork": "You are kidnapped and taken to an underground coliseum where you fought monsters with people you have never met before. Desire"
  }, 
  {
  "index": 4,
    "autor": "GURU",
    "fgwork": "You clean the chimney and find"
  }, 
  {
  "index": 5,
    "autor": "GURU",
    "fgwork": "You develop games for a living and you win"
  }, 
  {
  "index": 6,
    "autor": "GURU",
    "fgwork": "Why is this command called work? You're not even doing anything work related. however you win"
  }, 
  {
  "index": 7,
    "autor": "GURU",
    "fgwork": "You worked in the office overtime for"
  }, 
  {
  "index": 8,
    "autor": "GURU",
    "fgwork": "You work as a bride kidnapper and earn"
  }, 
  {
  "index": 9,
    "autor": "GURU",
    "fgwork": "Someone came and put on a play. for looking they gave you"
  }, 
 {
 "index": 10,
    "autor": "GURU",
    "fgwork": "You bought and sold items and Earned"
  }, 
  {
  "index": 11,
    "autor": "GURU",
    "fgwork": "You work in Grandma's restaurant as a cook and earn"
  }, 
  {
  "index": 12,
    "autor": "GURU",
    "fgwork": "You work 10 minutes at a local Pizza Hut. wins"
  }, 
  {
  "index": 13,
    "autor": "GURU",
    "fgwork": "You work as a fortune cookie writer and earn"
  }, 
  {
  "index": 14,
    "autor": "GURU",
    "fgwork": "You go through your bag and decide to sell some useless items that you don't need. Turns out all that crap was worth"
  }, 
  {
  "index": 15,
    "autor": "GURU",
    "fgwork": "You see someone struggling to get a box into their car, you rush to help them before they get hurt. After helping them, they kindly give you"
  }, 
  {
  "index": 16, 
    "autor": "GURU",
    "fgwork": "You develop games for a living and you win"
  }, 
  {
  "index": 17,
    "autor": "GURU",
    "fgwork": "You work all day in the company for"
  }, 
  {
  "index": 18, 
    "autor": "GURU",
    "fgwork": "You help moderate the Bakaga group by"
  }, 
  {
  "index": 19, 
    "autor": "GURU",
    "fgwork": "You designed a logo for *GURU* AND got"
  }, 
  {
  "index": 20,
    "autor": "GURU",
    "fgwork": "You moderated the group when *GURU* was not there, the payment was"
  }, 
  {
  "index": 21,
    "autor": "GURU",
    "fgwork": "He worked to the best of his ability at a printing company that was hiring and earned his fair share!"
  }, 
  {
  "index": 22,
    "autor": "GURU",
    "fgwork": "You work as a trimmer for *GURU* and earn"
  }, 
  {
  "index": 23,
    "autor": "GURU",
    "fgwork": "The demand for mobile games has increased, so you create a new game full of micro-transactions. With your new game you earn a total of"
  }, 
  {
  "index": 24,
    "autor": "GURU",
    "fgwork": "You work as a voice actor for Spongebob and you managed to win"
  }, 
  {
  "index": 25,
    "autor": "GURU",
    "fgwork": "You were farming and you won"
  }, 
  {
  "index": 26,
    "autor": "GURU",
    "fgwork": "You work as a sandcastle builder and earn"
  }, 
  {
  "index": 27,
    "autor": "GURU",
    "fgwork": "You work as a street artist and earn"
  }, 
  {
  "index": 28, 
    "autor": "GURU",
    "fgwork": "You did social work for a good cause! for your good cause you received"
  }, 
  {
  "index": 29, 
    "autor": "GURU",
    "fgwork": "Repaired a disabled T-60 tank in Afghanistan. The crew paid you"
  }, 
  {
  "index": 30, 
    "autor": "GURU",
    "fgwork": "You work as an ecologist and earn"
  }, 
  {
  "index": 31, 
    "autor": "GURU",
    "fgwork": "You work at Disneyland as a panda in a costume and you earn"
  }, 
  {
  "index": 32, 
    "autor": "GURU",
    "fgwork": "You repair the arcade machines and receive"
  }, 
  {
  "index": 33, 
    "autor": "GURU",
    "fgwork": "You did some odd jobs around town and you won"
  }, 
  {
  "index": 34, 
    "autor": "GURU",
    "fgwork": "You clean some toxic mold from the vent and win"
  }, 
  {
  "index": 35, 
    "autor": "GURU",
    "fgwork": "You solved the mystery of the cholera outbreak and the government rewarded you with a sum of"
  }, 
  {
  "index": 36, 
    "autor": "GURU",
    "fgwork": "You worked as a zoologist and earn"
  }, 
  {
  "index": 37, 
    "autor": "GURU",
    "fgwork": "You worked and you earned"
  }, 
  {
  "index": 38, 
    "autor": "GURU",
    "fgwork": "You sold fish sandwiches and got"
  }, 
  {
  "index": 39, 
    "autor": "GURU",
    "fgwork": "You repair the arcade machines and receive"
  }, 
  {
  "index": 40, 
    "autor": "GURU",
    "fgwork": "Just for being in *GURUY-BOT*  group!"
  }, 
  {
  "index": 41, 
    "autor": "GURU",
    "fgwork": "You did some social work for a good cause! Did you receive!"
  }
  
] 
